{
  "title": "'The Game We Are Making Now Is a Nintendo Game' — Metroid Prime Producer Kensuke Tanabe Reveals Creative Tensions With Retro in New Book - IGN",
  "description": "Nintendo and Retro Studios brought Metroid into stunning 3D, reforming the series in a first-person shooter style through a sometimes challenging but ultimately fruitful relationship between Japanese and Western teams with their own unique backgrounds and per…",
  "url": "https://www.ign.com/articles/the-game-we-are-making-now-is-a-nintendo-game-metroid-prime-producer-kensuke-tanabe-reveals-creative-tensions-with-retro-in-new-book",
  "source": "IGN",
  "slug": "-the-game-we-are-making-now-is-a-nintendo-game-metroid-prime",
  "zh": {
    "title": "'The Game We Are Making Now Is a Nintendo Game' — Metroid Prime Producer Kensuke Tanabe Reveals Creative Tensions With Retro in New Book - IGN",
    "description": "Nintendo and Retro Studios brought Metroid into stunning 3D, reforming the series in a first-person shooter style through a sometimes challenging but ultimately fruitful relationship between Japanese and Western teams with their own unique backgrounds and per…"
  },
  "seo": {
    "title": "'The Game We Are Making Now Is a Nintendo Game' — Metroid Prime Producer Kensuke Tanabe Reveals Creative Tensions With Retro in New Book - IGN",
    "description": "Nintendo and Retro Studios brought Metroid into stunning 3D, reforming the series in a first-person shooter style through a sometimes challenging but ultimately fruitful relationship between Japanese and Western teams with their own unique backgrounds and per…",
    "keywords": "AI, 科技新闻, IGN, SmartPicture"
  },
  "updatedAt": "2025-10-24T06:38:52.378Z"
}