{
  "title": "Apple Removes Women Dating Safety App from the App Store - 404 Media",
  "description": "The app, which went viral before facing multiple data breaches, is currently unavailable on the Apple App Store.",
  "url": "https://www.404media.co/women-dating-safety-app-tea-delisted-from-apple-app-store/",
  "source": "404media.co",
  "slug": "apple-removes-women-dating-safety-app-from-the-app-store-404",
  "zh": {
    "title": "Apple Removes Women Dating Safety App from the App Store - 404 Media",
    "description": "The app, which went viral before facing multiple data breaches, is currently unavailable on the Apple App Store."
  },
  "seo": {
    "title": "Apple Removes Women Dating Safety App from the App Store - 404 Media",
    "description": "The app, which went viral before facing multiple data breaches, is currently unavailable on the Apple App Store.",
    "keywords": "AI, 科技新闻, 404media.co, SmartPicture"
  },
  "updatedAt": "2025-10-24T06:38:49.336Z"
}