{
  "title": "Apple is 'drastically' cutting iPhone Air production, report says, after new survey reveals 'virtually no demand' - Fortune",
  "description": "Production of the iPhone Air, starting next month, will be \"less than 10% of the volume compared with September.\"",
  "url": "https://fortune.com/2025/10/22/apple-iphone-air-demand-weak-production-cuts-vs-17-pro/",
  "source": "Fortune",
  "slug": "apple-is-drastically-cutting-iphone-air-production-report-sa",
  "zh": {
    "title": "Apple is 'drastically' cutting iPhone Air production, report says, after new survey reveals 'virtually no demand' - Fortune",
    "description": "Production of the iPhone Air, starting next month, will be \"less than 10% of the volume compared with September.\""
  },
  "seo": {
    "title": "Apple is 'drastically' cutting iPhone Air production, report says, after new survey reveals 'virtually no demand' - Fortune",
    "description": "Production of the iPhone Air, starting next month, will be \"less than 10% of the volume compared with September.\"",
    "keywords": "AI, 科技新闻, Fortune, SmartPicture"
  },
  "updatedAt": "2025-10-24T06:38:53.120Z"
}