{
  "title": "Marvel Comics Celebrates the Launch of 'MARVEL Cosmic Invasion' with New Variant Covers - Marvel",
  "description": "Starting in January, new comic book variant covers will feature character artwork from 'MARVEL Cosmic Invasion,' the upcoming game from Dotemu and Tribute Games, made in collaboration with Marvel Games.",
  "url": "https://www.marvel.com/articles/comics/marvel-comics-celebrates-the-launch-of-marvel-cosmic-invasion-with-new-variant-covers",
  "source": "Marvel Entertainment",
  "slug": "marvel-comics-celebrates-the-launch-of-marvel-cosmic-invasio",
  "zh": {
    "title": "Marvel Comics Celebrates the Launch of 'MARVEL Cosmic Invasion' with New Variant Covers - Marvel",
    "description": "Starting in January, new comic book variant covers will feature character artwork from 'MARVEL Cosmic Invasion,' the upcoming game from Dotemu and Tribute Games, made in collaboration with Marvel Games."
  },
  "seo": {
    "title": "Marvel Comics Celebrates the Launch of 'MARVEL Cosmic Invasion' with New Variant Covers - Marvel",
    "description": "Starting in January, new comic book variant covers will feature character artwork from 'MARVEL Cosmic Invasion,' the upcoming game from Dotemu and Tribute Games, made in collaboration with Marvel Games.",
    "keywords": "AI, 科技新闻, Marvel Entertainment, SmartPicture"
  },
  "updatedAt": "2025-10-24T06:38:47.937Z"
}