{
  "title": "New iPad Pro, 14-inch MacBook Pro, and Apple Vision Pro now available - Apple",
  "description": "Apple customers can now discover and buy the 11-inch and 13-inch iPad Pro, the new 14-inch MacBook Pro, and Apple Vision Pro.",
  "url": "https://www.apple.com/newsroom/2025/10/new-ipad-pro-14-inch-macbook-pro-and-apple-vision-pro-now-available/",
  "source": "Apple Newsroom",
  "slug": "new-ipad-pro-14-inch-macbook-pro-and-apple-vision-pro-now-av",
  "zh": {
    "title": "New iPad Pro, 14-inch MacBook Pro, and Apple Vision Pro now available - Apple",
    "description": "Apple customers can now discover and buy the 11-inch and 13-inch iPad Pro, the new 14-inch MacBook Pro, and Apple Vision Pro."
  },
  "seo": {
    "title": "New iPad Pro, 14-inch MacBook Pro, and Apple Vision Pro now available - Apple",
    "description": "Apple customers can now discover and buy the 11-inch and 13-inch iPad Pro, the new 14-inch MacBook Pro, and Apple Vision Pro.",
    "keywords": "AI, 科技新闻, Apple Newsroom, SmartPicture"
  },
  "updatedAt": "2025-10-24T06:38:51.596Z"
}