{
  "title": "Next year’s A20 chip might push iPhone prices even higher - 9to5Mac",
  "description": "Next year’s iPhone lineup is expected to use an A20 chip with a new 2-nm process, but that could come at a big cost per a new report.",
  "url": "https://9to5mac.com/2025/10/22/next-years-a20-chip-might-push-iphone-prices-even-higher/",
  "source": "9to5Mac",
  "slug": "next-year-s-a20-chip-might-push-iphone-prices-even-higher-9t",
  "zh": {
    "title": "Next year’s A20 chip might push iPhone prices even higher - 9to5Mac",
    "description": "Next year’s iPhone lineup is expected to use an A20 chip with a new 2-nm process, but that could come at a big cost per a new report."
  },
  "seo": {
    "title": "Next year’s A20 chip might push iPhone prices even higher - 9to5Mac",
    "description": "Next year’s iPhone lineup is expected to use an A20 chip with a new 2-nm process, but that could come at a big cost per a new report.",
    "keywords": "AI, 科技新闻, 9to5Mac, SmartPicture"
  },
  "updatedAt": "2025-10-24T06:38:49.977Z"
}