{
  "title": "NFL Locks Up ‘Madden’ Game Franchise Long-Term and Goes Global With Amazon in Wave of Deals - The Hollywood Reporter",
  "description": "At the league's owners meeting in New York, NFL officials also unveiled changes coming to next year's Pro Bowl on ESPN.",
  "url": "http://www.hollywoodreporter.com/business/business-news/nfl-owners-meeting-espn-amazon-ea-deals-approved-1236407367/",
  "source": "Hollywood Reporter",
  "slug": "nfl-locks-up-madden-game-franchise-long-term-and-goes-global",
  "zh": {
    "title": "NFL Locks Up ‘Madden’ Game Franchise Long-Term and Goes Global With Amazon in Wave of Deals - The Hollywood Reporter",
    "description": "At the league's owners meeting in New York, NFL officials also unveiled changes coming to next year's Pro Bowl on ESPN."
  },
  "seo": {
    "title": "NFL Locks Up ‘Madden’ Game Franchise Long-Term and Goes Global With Amazon in Wave of Deals - The Hollywood Reporter",
    "description": "At the league's owners meeting in New York, NFL officials also unveiled changes coming to next year's Pro Bowl on ESPN.",
    "keywords": "AI, 科技新闻, Hollywood Reporter, SmartPicture"
  },
  "updatedAt": "2025-10-24T06:38:46.338Z"
}