{
  "title": "Nintendo announces a string of free updates for Pikmin 4 and Pikmin Bloom - The Verge",
  "description": "The updates will arrive in November, and now you can watch Nintendo’s full ’Close to You’ CG short on YouTube.",
  "url": "https://www.theverge.com/news/804408/nintendo-pikmin-4-bloom-november-updates",
  "source": "The Verge",
  "slug": "nintendo-announces-a-string-of-free-updates-for-pikmin-4-and",
  "zh": {
    "title": "Nintendo announces a string of free updates for Pikmin 4 and Pikmin Bloom - The Verge",
    "description": "The updates will arrive in November, and now you can watch Nintendo’s full ’Close to You’ CG short on YouTube."
  },
  "seo": {
    "title": "Nintendo announces a string of free updates for Pikmin 4 and Pikmin Bloom - The Verge",
    "description": "The updates will arrive in November, and now you can watch Nintendo’s full ’Close to You’ CG short on YouTube.",
    "keywords": "AI, 科技新闻, The Verge, SmartPicture"
  },
  "updatedAt": "2025-10-24T06:38:50.741Z"
}