{
  "title": "Samsung Galaxy XR is the first Android XR headset, now on sale for $1,800 - Ars Technica",
  "description": "It may not be as spendy as the Vision Pro, but $1,800 is still a lot.",
  "url": "https://arstechnica.com/google/2025/10/samsung-galaxy-xr-is-the-first-android-xr-headset-now-on-sale-for-1800/",
  "source": "Ars Technica",
  "slug": "samsung-galaxy-xr-is-the-first-android-xr-headset-now-on-sal",
  "zh": {
    "title": "Samsung Galaxy XR is the first Android XR headset, now on sale for $1,800 - Ars Technica",
    "description": "It may not be as spendy as the Vision Pro, but $1,800 is still a lot."
  },
  "seo": {
    "title": "Samsung Galaxy XR is the first Android XR headset, now on sale for $1,800 - Ars Technica",
    "description": "It may not be as spendy as the Vision Pro, but $1,800 is still a lot.",
    "keywords": "AI, 科技新闻, Ars Technica, SmartPicture"
  },
  "updatedAt": "2025-10-24T06:38:48.644Z"
}